[
    {
        "name": "Africa",
        "destination": "Kenya",
        "city": "Nairobi",
        "price": "1299",
        "image": "africa.jpg"
    },
    {
        "name": "Asia",
        "destination": "Thailand",
        "city": "Bangkok",
        "price": "499",
        "image": "asia.jpg"
    },
    {
        "name": "Australia",
        "destination": "Australia",
        "city": "Sydney",
        "price": "799",
        "image": "australia.jpg"
    },
    {
        "name": "South Africa",
        "destination": "Capetown",
        "city": "Joberg",
        "price": "599",
        "image": "africa.jpg"
    },
    {
        "name": "South America",
        "destination": "Mexico",
        "city": "Mexico",
        "price": "1299",
        "image": "south-america.jpg"
    },
    {
        "name": "Europe",
        "destination": "Ireland",
        "city": "Dublin",
        "price": "599",
        "image": "pic04.jpg"
    }
]