<?xml version="1.0" standalone="yes"?>
<movies>

<moviestats>
<filmtitle>The Shawshank Redemption</filmtitle>
<director>Frank Darabont</director>
<actor>Morgan Freeman</actor>
<genre>Drama</genre>
<cost>Entry price:€5</cost>
</moviestats>
    
<moviestats>
<filmtitle>Schindler's List</filmtitle>
<director>Steven Spielberg</director>
<actor>Liam Neeson</actor>
<genre>Drama</genre>
<cost>Entry price:€10</cost>
</moviestats>

<moviestats>
<filmtitle>Lady Bird</filmtitle>
<director>Greta Gerwig</director>
<actress>Saoirse Ronan</actress>
<genre>Comedy</genre>
<cost>Entry price:€20</cost>
</moviestats>
    
<moviestats>
<filmtitle>Wonder Woman</filmtitle>
<director>Patty Jenkins</director>
<actress>Gal Gadot</actress>
<genre>Action</genre>
<cost>Entry price:€25</cost>
</moviestats>
    
<moviestats>
<filmtitle>Dumb and Dumber</filmtitle>
<director>Peter Farrelly</director>
<actor>Jim Carrey</actor>
<genre>Comedy</genre>
<cost>Entry price:€12</cost>
</moviestats>
    
<moviestats>
<filmtitle>The Curious Case of Benjamin Button</filmtitle>
<director>David Fincher</director>
<actor> Brad Pitt</actor>
<genre>Fantasy</genre>
<cost>Entry price:€15</cost>
</moviestats>









</movies>